<?xml version="1.0" encoding="UTF-8"?>
<beans xmlns="http://www.springframework.org/schema/beans" xmlns:xsi="http://www.w3.org/2001/XMLSchema-instance" xsi:schemaLocation="http://www.springframework.org/schema/beans http://www.springframework.org/schema/beans/spring-beans-2.5.xsd" >
<bean id="defaultHandlerMapping" class="org.springframework.web.servlet.handler.BeanNameUrlHandlerMapping" />
<bean id="boardDAO" class="board.dao.BoardDAO" />
<bean name="/index.do" class="org.springframework.web.servlet.mvc.ParameterizableViewController" ><property name="viewName" value="list" ></property></bean>
<bean name="/list.do" class="board.controller.ListActionController"><property name="dao" ><ref bean="boardDAO" /></property></bean>
<bean name="/createui.do" class="org.springframework.web.servlet.mvc.ParameterizableViewController"><property name="viewName" value="create"></property></bean>
<bean name="/create.do" class="board.controller.CreateActionController"><property name="dao" ><ref bean="boardDAO" /></property><property name="commandClass" value="board.command.BoardCommand" ></property></bean>
<bean name="/inquiry.do" class="board.controller.InquiryActionController"><property name="dao"><ref bean="boardDAO" /></property><property name="commandClass" value="board.command.InquiryCommand" ></property></bean>
<bean name="/inputui.do" class="org.springframework.web.servlet.mvc.ParameterizableViewController" ><property name="viewName" value="input"></property></bean>
<bean name="/input.do" class="board.controller.InputActionController" ><property name="dao" ><ref bean="boardDAO" /></property><property name="commandClass" value="board.command.InputCommand" ></property></bean>
<bean name="/outputui.do" class="org.springframework.web.servlet.mvc.ParameterizableViewController" ><property name="viewName" value="output"></property></bean>
<bean name="/output.do" class="board.controller.OutputActionController" ><property name="dao" ><ref bean="boardDAO" /></property><property name="commandClass" value="board.command.OutputCommand" ></property></bean>
<bean id="viewResolver" class="org.springframework.web.servlet.view.InternalResourceViewResolver"><property name="viewClass" value="org.springframework.web.servlet.view.InternalResourceView" /><property name="prefix" value="/" /><property name="suffix" value=".jsp" /></bean>
</beans>