<?xml version="1.0" encoding="UTF-8"?>
<!DOCTYPE mapper PUBLIC "-//mybatis.org//DTD Mapper 3.0//EN" "http://mybatis.org/dtd/mybatis-3-mapper.dtd">
<mapper namespace="com.ksk.mapper.TodosMapper">
	<select id="getList" resultType="com.ksk.domain.TodosVO">
		<![CDATA[
			SELECT * FROM tbl_todos WHERE bno > 0 ORDER BY doDate, done_stat
		]]>
	</select>
	
	<insert id="insertSelectKey">
		<selectKey keyProperty="bno" order="BEFORE" resultType="long">
			SELECT seq_todos.nextval FROM DUAL
		</selectKey>
		
		INSERT INTO tbl_todos (bno, writer, doDate, regDate, todo) VALUES (#{bno}, #{writer}, #{doDate}, sysdate, #{todo})
	</insert>
	
	<select id="read" resultType="com.ksk.domain.TodosVO">
		SELECT * FROM tbl_todos WHERE bno = #{bno}
	</select>
	
	<delete id="delete">
		DELETE FROM tbl_todos WHERE bno = #{bno}
	</delete>
	
	<update id="update">
		UPDATE tbl_todos SET writer = #{writer}, doDate = #{doDate}, todo = #{todo}, updateDate = sysdate, sign = #{sign} WHERE bno = #{bno}
	</update>
	
	<update id="updateDoneStat">
		UPDATE tbl_todos SET done_stat = #{done_stat} WHERE bno = #{bno}
	</update>
	
</mapper>
<!-- 
<generatorConfiguration>
  <context id="context1">
    <jdbcConnection connectionURL="jdbc:log4jdbc:oracle:thin:@localhost:1521:XE" driverClass="net.sf.log4jdbc.sql.jdbcapi.DriverSpy" password="162534" userId="KSK" />
    <javaModelGenerator targetPackage="???" targetProject="???" />
    <javaClientGenerator targetPackage="???" targetProject="???" type="XMLMAPPER" />
    <table schema="???" tableName="???">
      <columnOverride column="???" property="???" />
    </table>
  </context>
</generatorConfiguration>
-->
